<?xml version="1.0" encoding="UTF-8"?><idempiere Name="AccesMaintain" Version="2020.10.30" idempiereVersion="" DataBaseVersion="" Description="" Author="" AuthorEmail="" CreatedDate="2020-10-30 12:13:50.125" UpdatedDate="2020-10-30 12:13:50.125" PackOutVersion="100" UpdateDictionary="false" Client="0-SYSTEM-System" AD_Client_UU="11237b53-9592-4af1-b3c5-afd216514b5d">
    <AD_EntityType type="table">
        <AD_Client_ID>0</AD_Client_ID>
        <AD_Org_ID>0</AD_Org_ID>
        <EntityType>TGI</EntityType>
        <IsActive>Y</IsActive>
        <Name>TGI</Name>
        <Description/>
        <Help/>
        <Version/>
        <ModelPackage/>
        <Classpath/>
        <Processing>N</Processing>
        <AD_EntityType_UU>a8f90539-bd03-4d04-ac1e-c67825d1608d</AD_EntityType_UU>
    </AD_EntityType>
    <AD_Form type="table">
        <AD_Client_ID>0</AD_Client_ID>
        <AD_Org_ID>0</AD_Org_ID>
        <IsActive>Y</IsActive>
        <Name>Access Maintain</Name>
        <Description>This panel helps to maintain access to windows, reports, forms, ...</Description>
        <Help/>
        <Classname>org.tgi.webui.apps.form.WAccessMaintain</Classname>
        <AccessLevel>6</AccessLevel>
        <EntityType>TGI</EntityType>
        <IsBetaFunctionality>N</IsBetaFunctionality>
        <JSPURL/>
        <AD_Form_UU>66600a41-2ac0-411b-91f7-ec3067970d7b</AD_Form_UU>
        <AD_CtxHelp_ID reference="id"/>
        <AD_Image_ID reference="id"/>
        <AD_Form_Trl type="translation">
            <Description>This panel helps to maintain access to windows, reports, forms, ...</Description>
            <Help/>
            <Name>Access Maintain</Name>
            <AD_Language>it_IT</AD_Language>
            <IsActive>Y</IsActive>
            <IsTranslated>N</IsTranslated>
        </AD_Form_Trl>
    </AD_Form>
    <AD_Message type="table">
        <AD_Client_ID>0</AD_Client_ID>
        <AD_Org_ID>0</AD_Org_ID>
        <MsgType>I</MsgType>
        <MsgText>Activate</MsgText>
        <MsgTip/>
        <IsActive>Y</IsActive>
        <Value>AccessMaintain_Activate</Value>
        <EntityType>TGI</EntityType>
        <AD_Message_UU>65b1b822-5859-44e5-bf66-b906e8febb16</AD_Message_UU>
        <AD_Message_Trl type="translation">
            <MsgText>Activate</MsgText>
            <MsgTip/>
            <AD_Language>it_IT</AD_Language>
            <IsActive>Y</IsActive>
            <IsTranslated>N</IsTranslated>
        </AD_Message_Trl>
    </AD_Message>
    <AD_Message type="table">
        <AD_Client_ID>0</AD_Client_ID>
        <AD_Org_ID>0</AD_Org_ID>
        <MsgType>I</MsgType>
        <MsgText>All roles</MsgText>
        <MsgTip/>
        <IsActive>Y</IsActive>
        <Value>AccessMaintain_AllRoles</Value>
        <EntityType>TGI</EntityType>
        <AD_Message_UU>9d04edf4-9bed-4c36-adca-e31b9cfa5804</AD_Message_UU>
        <AD_Message_Trl type="translation">
            <MsgText>All roles</MsgText>
            <MsgTip/>
            <AD_Language>it_IT</AD_Language>
            <IsActive>Y</IsActive>
            <IsTranslated>N</IsTranslated>
        </AD_Message_Trl>
    </AD_Message>
    <AD_Message type="table">
        <AD_Client_ID>0</AD_Client_ID>
        <AD_Org_ID>0</AD_Org_ID>
        <MsgType>I</MsgType>
        <MsgText>Created since</MsgText>
        <MsgTip/>
        <IsActive>Y</IsActive>
        <Value>AccessMaintain_CreatedSince</Value>
        <EntityType>TGI</EntityType>
        <AD_Message_UU>5d124a21-c232-4f6c-9a74-e561433a4180</AD_Message_UU>
        <AD_Message_Trl type="translation">
            <MsgText>Created since</MsgText>
            <MsgTip/>
            <AD_Language>it_IT</AD_Language>
            <IsActive>Y</IsActive>
            <IsTranslated>N</IsTranslated>
        </AD_Message_Trl>
    </AD_Message>
    <AD_Message type="table">
        <AD_Client_ID>0</AD_Client_ID>
        <AD_Org_ID>0</AD_Org_ID>
        <MsgType>I</MsgType>
        <MsgText>Roles without access</MsgText>
        <MsgTip/>
        <IsActive>Y</IsActive>
        <Value>AccessMaintain_RolesWithoutAccess</Value>
        <EntityType>TGI</EntityType>
        <AD_Message_UU>8efeea8a-bf0b-40a0-96bf-2bd90ee344e0</AD_Message_UU>
        <AD_Message_Trl type="translation">
            <MsgText>Roles without access</MsgText>
            <MsgTip/>
            <AD_Language>it_IT</AD_Language>
            <IsActive>Y</IsActive>
            <IsTranslated>N</IsTranslated>
        </AD_Message_Trl>
    </AD_Message>
    <AD_Message type="table">
        <AD_Client_ID>0</AD_Client_ID>
        <AD_Org_ID>0</AD_Org_ID>
        <MsgType>I</MsgType>
        <MsgText>Deactivate</MsgText>
        <MsgTip/>
        <IsActive>Y</IsActive>
        <Value>AccessMaintain_Deactivate</Value>
        <EntityType>TGI</EntityType>
        <AD_Message_UU>767099db-a8bb-4edf-bb35-1b70dd4059a2</AD_Message_UU>
        <AD_Message_Trl type="translation">
            <MsgText>Deactivate</MsgText>
            <MsgTip/>
            <AD_Language>it_IT</AD_Language>
            <IsActive>Y</IsActive>
            <IsTranslated>N</IsTranslated>
        </AD_Message_Trl>
    </AD_Message>
    <AD_Message type="table">
        <AD_Client_ID>0</AD_Client_ID>
        <AD_Org_ID>0</AD_Org_ID>
        <MsgType>I</MsgType>
        <MsgText>Remove</MsgText>
        <MsgTip/>
        <IsActive>Y</IsActive>
        <Value>AccessMaintain_Delete</Value>
        <EntityType>TGI</EntityType>
        <AD_Message_UU>beef7ec6-8ff4-46e2-9f3d-227129c779d6</AD_Message_UU>
        <AD_Message_Trl type="translation">
            <MsgText>Remove</MsgText>
            <MsgTip/>
            <AD_Language>it_IT</AD_Language>
            <IsActive>Y</IsActive>
            <IsTranslated>N</IsTranslated>
        </AD_Message_Trl>
    </AD_Message>
    <AD_Message type="table">
        <AD_Client_ID>0</AD_Client_ID>
        <AD_Org_ID>0</AD_Org_ID>
        <MsgType>I</MsgType>
        <MsgText>Exists</MsgText>
        <MsgTip/>
        <IsActive>Y</IsActive>
        <Value>AccessMaintain_Exists</Value>
        <EntityType>TGI</EntityType>
        <AD_Message_UU>a70b583e-2cc7-467d-a4ff-13316e142b05</AD_Message_UU>
        <AD_Message_Trl type="translation">
            <MsgText>Exists</MsgText>
            <MsgTip/>
            <AD_Language>it_IT</AD_Language>
            <IsActive>Y</IsActive>
            <IsTranslated>N</IsTranslated>
        </AD_Message_Trl>
    </AD_Message>
    <AD_Message type="table">
        <AD_Client_ID>0</AD_Client_ID>
        <AD_Org_ID>0</AD_Org_ID>
        <MsgType>I</MsgType>
        <MsgText>Filter on name</MsgText>
        <MsgTip/>
        <IsActive>Y</IsActive>
        <Value>AccessMaintain_FilterName</Value>
        <EntityType>TGI</EntityType>
        <AD_Message_UU>32db4b46-b8ae-4ee3-ab28-d2c5072d4d1b</AD_Message_UU>
        <AD_Message_Trl type="translation">
            <MsgText>Filter on name</MsgText>
            <MsgTip/>
            <AD_Language>it_IT</AD_Language>
            <IsActive>Y</IsActive>
            <IsTranslated>N</IsTranslated>
        </AD_Message_Trl>
    </AD_Message>
    <AD_Message type="table">
        <AD_Client_ID>0</AD_Client_ID>
        <AD_Org_ID>0</AD_Org_ID>
        <MsgType>I</MsgType>
        <MsgText>Filter on role</MsgText>
        <MsgTip/>
        <IsActive>Y</IsActive>
        <Value>AccessMaintain_FilterRole</Value>
        <EntityType>TGI</EntityType>
        <AD_Message_UU>926fc719-b47d-4970-9ca2-95a45772ed9b</AD_Message_UU>
        <AD_Message_Trl type="translation">
            <MsgText>Filter on role</MsgText>
            <MsgTip/>
            <AD_Language>it_IT</AD_Language>
            <IsActive>Y</IsActive>
            <IsTranslated>N</IsTranslated>
        </AD_Message_Trl>
    </AD_Message>
    <AD_Message type="table">
        <AD_Client_ID>0</AD_Client_ID>
        <AD_Org_ID>0</AD_Org_ID>
        <MsgType>I</MsgType>
        <MsgText>Filter on tenant</MsgText>
        <MsgTip/>
        <IsActive>Y</IsActive>
        <Value>AccessMaintain_FilterTenant</Value>
        <EntityType>TGI</EntityType>
        <AD_Message_UU>a70951c2-85fd-489d-8c78-e2939f8949cc</AD_Message_UU>
        <AD_Message_Trl type="translation">
            <MsgText>Filter on tenant</MsgText>
            <MsgTip/>
            <AD_Language>it_IT</AD_Language>
            <IsActive>Y</IsActive>
            <IsTranslated>N</IsTranslated>
        </AD_Message_Trl>
    </AD_Message>
    <AD_Message type="table">
        <AD_Client_ID>0</AD_Client_ID>
        <AD_Org_ID>0</AD_Org_ID>
        <MsgType>I</MsgType>
        <MsgText>Add</MsgText>
        <MsgTip/>
        <IsActive>Y</IsActive>
        <Value>AccessMaintain_Insert</Value>
        <EntityType>TGI</EntityType>
        <AD_Message_UU>9580f796-45ea-4807-867b-98a96c033162</AD_Message_UU>
        <AD_Message_Trl type="translation">
            <MsgText>Add</MsgText>
            <MsgTip/>
            <AD_Language>it_IT</AD_Language>
            <IsActive>Y</IsActive>
            <IsTranslated>N</IsTranslated>
        </AD_Message_Trl>
    </AD_Message>
    <AD_Message type="table">
        <AD_Client_ID>0</AD_Client_ID>
        <AD_Org_ID>0</AD_Org_ID>
        <MsgType>I</MsgType>
        <MsgText>Roles with access</MsgText>
        <MsgTip/>
        <IsActive>Y</IsActive>
        <Value>AccessMaintain_RolesWithAccess</Value>
        <EntityType>TGI</EntityType>
        <AD_Message_UU>3369235f-5b7d-45f8-a70a-a83888b09b13</AD_Message_UU>
        <AD_Message_Trl type="translation">
            <MsgText>Roles with access</MsgText>
            <MsgTip/>
            <AD_Language>it_IT</AD_Language>
            <IsActive>Y</IsActive>
            <IsTranslated>N</IsTranslated>
        </AD_Message_Trl>
    </AD_Message>
    <AD_Message type="table">
        <AD_Client_ID>0</AD_Client_ID>
        <AD_Org_ID>0</AD_Org_ID>
        <MsgType>I</MsgType>
        <MsgText>Roles with active access</MsgText>
        <MsgTip/>
        <IsActive>Y</IsActive>
        <Value>AccessMaintain_RolesWithActiveAccess</Value>
        <EntityType>TGI</EntityType>
        <AD_Message_UU>e465e633-e0f7-4cbf-8e4c-f94da03c230b</AD_Message_UU>
        <AD_Message_Trl type="translation">
            <MsgText>Roles with active access</MsgText>
            <MsgTip/>
            <AD_Language>it_IT</AD_Language>
            <IsActive>Y</IsActive>
            <IsTranslated>N</IsTranslated>
        </AD_Message_Trl>
    </AD_Message>
    <AD_Menu type="table">
        <SeqNo>1</SeqNo>
        <AD_Client_ID>0</AD_Client_ID>
        <AD_Org_ID>0</AD_Org_ID>
        <Name>Access Maintain</Name>
        <Description>This panel helps to maintain access to windows, reports, forms, ...</Description>
        <Action>X</Action>
        <AD_Window_ID reference="id"/>
        <AD_Workflow_ID reference="id"/>
        <AD_Task_ID reference="id"/>
        <IsActive>Y</IsActive>
        <IsSummary>N</IsSummary>
        <AD_Process_ID reference="id"/>
        <IsSOTrx>Y</IsSOTrx>
        <AD_Form_ID reference="uuid" reference-key="AD_Form">66600a41-2ac0-411b-91f7-ec3067970d7b</AD_Form_ID>
        <IsReadOnly>N</IsReadOnly>
        <EntityType>U</EntityType>
        <IsCentrallyMaintained>Y</IsCentrallyMaintained>
        <AD_Menu_UU>c2217735-31dd-4fc5-b463-08a351682b03</AD_Menu_UU>
        <AD_InfoWindow_ID reference="id"/>
        <AD_Menu_Trl type="translation">
            <Description>This panel helps to maintain access to windows, reports, forms, ...</Description>
            <Name>Access Maintain</Name>
            <AD_Language>it_IT</AD_Language>
            <IsActive>Y</IsActive>
            <IsTranslated>N</IsTranslated>
        </AD_Menu_Trl>
    </AD_Menu>
    <AD_Package_Exp type="table">
        <AD_Client_ID>0</AD_Client_ID>
        <AD_Org_ID>0</AD_Org_ID>
        <AD_Package_Type>X</AD_Package_Type>
        <EMail/>
        <Instructions/>
        <Name>AccesMaintain</Name>
        <Processed>N</Processed>
        <ReleaseNo/>
        <Version/>
        <UserName/>
        <Processing>N</Processing>
        <PK_Version>2020.10.30</PK_Version>
        <IsActive>Y</IsActive>
        <File_Directory/>
        <Description/>
        <AD_Package_Exp_UU>def05ce5-54b5-439f-8936-0bd39919d52c</AD_Package_Exp_UU>
        <DateFrom/>
        <IsExportDictionaryEntity>N</IsExportDictionaryEntity>
        <AD_Package_Exp_Detail type="table">
            <AD_Client_ID>0</AD_Client_ID>
            <AD_Org_ID>0</AD_Org_ID>
            <AD_Form_ID reference="id"/>
            <AD_ImpFormat_ID reference="id"/>
            <AD_Menu_ID reference="id"/>
            <AD_Process_ID reference="id"/>
            <AD_Role_ID reference="id">0</AD_Role_ID>
            <AD_Window_ID reference="id"/>
            <AD_Workflow_ID reference="id"/>
            <IsActive>Y</IsActive>
            <File_Directory/>
            <FileName/>
            <Destination_FileName/>
            <Destination_Directory/>
            <Description/>
            <DBType>ALL</DBType>
            <Type>MSG</Type>
            <Target_Directory/>
            <SQLStatement/>
            <ReleaseNo/>
            <Processing>N</Processing>
            <Processed>N</Processed>
            <Name2/>
            <Line>30</Line>
            <AD_Workbench_ID reference="id"/>
            <AD_Table_ID reference="id"/>
            <AD_ReportView_ID reference="id"/>
            <AD_Package_Exp_ID reference="uuid" reference-key="AD_Package_Exp">def05ce5-54b5-439f-8936-0bd39919d52c</AD_Package_Exp_ID>
            <AD_Package_Code_New/>
            <AD_Package_Code_Old/>
            <AD_Val_Rule_ID reference="id"/>
            <AD_Message_ID reference="uuid" reference-key="AD_Message">5d124a21-c232-4f6c-9a74-e561433a4180</AD_Message_ID>
            <AD_PrintFormat_ID reference="id"/>
            <AD_Reference_ID reference="id"/>
            <AD_ModelValidator_ID reference="id"/>
            <AD_EntityType_ID reference="id"/>
            <AD_Package_Exp_Detail_UU>e6255c53-4278-4113-933a-2f3de1500849</AD_Package_Exp_Detail_UU>
            <AD_InfoWindow_ID reference="id">200000</AD_InfoWindow_ID>
        </AD_Package_Exp_Detail>
        <AD_Package_Exp_Detail type="table">
            <AD_Client_ID>0</AD_Client_ID>
            <AD_Org_ID>0</AD_Org_ID>
            <AD_Form_ID reference="id"/>
            <AD_ImpFormat_ID reference="id"/>
            <AD_Menu_ID reference="id"/>
            <AD_Process_ID reference="id"/>
            <AD_Role_ID reference="id">0</AD_Role_ID>
            <AD_Window_ID reference="id"/>
            <AD_Workflow_ID reference="id"/>
            <IsActive>Y</IsActive>
            <File_Directory/>
            <FileName/>
            <Destination_FileName/>
            <Destination_Directory/>
            <Description/>
            <DBType>ALL</DBType>
            <Type>MSG</Type>
            <Target_Directory/>
            <SQLStatement/>
            <ReleaseNo/>
            <Processing>N</Processing>
            <Processed>N</Processed>
            <Name2/>
            <Line>40</Line>
            <AD_Workbench_ID reference="id"/>
            <AD_Table_ID reference="id"/>
            <AD_ReportView_ID reference="id"/>
            <AD_Package_Exp_ID reference="uuid" reference-key="AD_Package_Exp">def05ce5-54b5-439f-8936-0bd39919d52c</AD_Package_Exp_ID>
            <AD_Package_Code_New/>
            <AD_Package_Code_Old/>
            <AD_Val_Rule_ID reference="id"/>
            <AD_Message_ID reference="uuid" reference-key="AD_Message">767099db-a8bb-4edf-bb35-1b70dd4059a2</AD_Message_ID>
            <AD_PrintFormat_ID reference="id"/>
            <AD_Reference_ID reference="id"/>
            <AD_ModelValidator_ID reference="id"/>
            <AD_EntityType_ID reference="id"/>
            <AD_Package_Exp_Detail_UU>e6255c53-4278-4113-933a-2f3de1500850</AD_Package_Exp_Detail_UU>
            <AD_InfoWindow_ID reference="id">200000</AD_InfoWindow_ID>
        </AD_Package_Exp_Detail>
        <AD_Package_Exp_Detail type="table">
            <AD_Client_ID>0</AD_Client_ID>
            <AD_Org_ID>0</AD_Org_ID>
            <AD_Form_ID reference="id"/>
            <AD_ImpFormat_ID reference="id"/>
            <AD_Menu_ID reference="id"/>
            <AD_Process_ID reference="id"/>
            <AD_Role_ID reference="id">0</AD_Role_ID>
            <AD_Window_ID reference="id"/>
            <AD_Workflow_ID reference="id"/>
            <IsActive>Y</IsActive>
            <File_Directory/>
            <FileName/>
            <Destination_FileName/>
            <Destination_Directory/>
            <Description/>
            <DBType>ALL</DBType>
            <Type>MSG</Type>
            <Target_Directory/>
            <SQLStatement/>
            <ReleaseNo/>
            <Processing>N</Processing>
            <Processed>N</Processed>
            <Name2/>
            <Line>50</Line>
            <AD_Workbench_ID reference="id"/>
            <AD_Table_ID reference="id"/>
            <AD_ReportView_ID reference="id"/>
            <AD_Package_Exp_ID reference="uuid" reference-key="AD_Package_Exp">def05ce5-54b5-439f-8936-0bd39919d52c</AD_Package_Exp_ID>
            <AD_Package_Code_New/>
            <AD_Package_Code_Old/>
            <AD_Val_Rule_ID reference="id"/>
            <AD_Message_ID reference="uuid" reference-key="AD_Message">beef7ec6-8ff4-46e2-9f3d-227129c779d6</AD_Message_ID>
            <AD_PrintFormat_ID reference="id"/>
            <AD_Reference_ID reference="id"/>
            <AD_ModelValidator_ID reference="id"/>
            <AD_EntityType_ID reference="id"/>
            <AD_Package_Exp_Detail_UU>e6255c53-4278-4113-933a-2f3de1500851</AD_Package_Exp_Detail_UU>
            <AD_InfoWindow_ID reference="id">200000</AD_InfoWindow_ID>
        </AD_Package_Exp_Detail>
        <AD_Package_Exp_Detail type="table">
            <AD_Client_ID>0</AD_Client_ID>
            <AD_Org_ID>0</AD_Org_ID>
            <AD_Form_ID reference="id"/>
            <AD_ImpFormat_ID reference="id"/>
            <AD_Menu_ID reference="id"/>
            <AD_Process_ID reference="id"/>
            <AD_Role_ID reference="id">0</AD_Role_ID>
            <AD_Window_ID reference="id"/>
            <AD_Workflow_ID reference="id"/>
            <IsActive>Y</IsActive>
            <File_Directory/>
            <FileName/>
            <Destination_FileName/>
            <Destination_Directory/>
            <Description/>
            <DBType>ALL</DBType>
            <Type>MSG</Type>
            <Target_Directory/>
            <SQLStatement/>
            <ReleaseNo/>
            <Processing>N</Processing>
            <Processed>N</Processed>
            <Name2/>
            <Line>60</Line>
            <AD_Workbench_ID reference="id"/>
            <AD_Table_ID reference="id"/>
            <AD_ReportView_ID reference="id"/>
            <AD_Package_Exp_ID reference="uuid" reference-key="AD_Package_Exp">def05ce5-54b5-439f-8936-0bd39919d52c</AD_Package_Exp_ID>
            <AD_Package_Code_New/>
            <AD_Package_Code_Old/>
            <AD_Val_Rule_ID reference="id"/>
            <AD_Message_ID reference="uuid" reference-key="AD_Message">a70b583e-2cc7-467d-a4ff-13316e142b05</AD_Message_ID>
            <AD_PrintFormat_ID reference="id"/>
            <AD_Reference_ID reference="id"/>
            <AD_ModelValidator_ID reference="id"/>
            <AD_EntityType_ID reference="id"/>
            <AD_Package_Exp_Detail_UU>e6255c53-4278-4113-933a-2f3de1500852</AD_Package_Exp_Detail_UU>
            <AD_InfoWindow_ID reference="id">200000</AD_InfoWindow_ID>
        </AD_Package_Exp_Detail>
        <AD_Package_Exp_Detail type="table">
            <AD_Client_ID>0</AD_Client_ID>
            <AD_Org_ID>0</AD_Org_ID>
            <AD_Form_ID reference="id"/>
            <AD_ImpFormat_ID reference="id"/>
            <AD_Menu_ID reference="id"/>
            <AD_Process_ID reference="id"/>
            <AD_Role_ID reference="id">0</AD_Role_ID>
            <AD_Window_ID reference="id"/>
            <AD_Workflow_ID reference="id"/>
            <IsActive>Y</IsActive>
            <File_Directory/>
            <FileName/>
            <Destination_FileName/>
            <Destination_Directory/>
            <Description/>
            <DBType>ALL</DBType>
            <Type>MSG</Type>
            <Target_Directory/>
            <SQLStatement/>
            <ReleaseNo/>
            <Processing>N</Processing>
            <Processed>N</Processed>
            <Name2/>
            <Line>70</Line>
            <AD_Workbench_ID reference="id"/>
            <AD_Table_ID reference="id"/>
            <AD_ReportView_ID reference="id"/>
            <AD_Package_Exp_ID reference="uuid" reference-key="AD_Package_Exp">def05ce5-54b5-439f-8936-0bd39919d52c</AD_Package_Exp_ID>
            <AD_Package_Code_New/>
            <AD_Package_Code_Old/>
            <AD_Val_Rule_ID reference="id"/>
            <AD_Message_ID reference="uuid" reference-key="AD_Message">32db4b46-b8ae-4ee3-ab28-d2c5072d4d1b</AD_Message_ID>
            <AD_PrintFormat_ID reference="id"/>
            <AD_Reference_ID reference="id"/>
            <AD_ModelValidator_ID reference="id"/>
            <AD_EntityType_ID reference="id"/>
            <AD_Package_Exp_Detail_UU>e6255c53-4278-4113-933a-2f3de1500853</AD_Package_Exp_Detail_UU>
            <AD_InfoWindow_ID reference="id">200000</AD_InfoWindow_ID>
        </AD_Package_Exp_Detail>
        <AD_Package_Exp_Detail type="table">
            <AD_Client_ID>0</AD_Client_ID>
            <AD_Org_ID>0</AD_Org_ID>
            <AD_Form_ID reference="id"/>
            <AD_ImpFormat_ID reference="id"/>
            <AD_Menu_ID reference="id"/>
            <AD_Process_ID reference="id"/>
            <AD_Role_ID reference="id">0</AD_Role_ID>
            <AD_Window_ID reference="id"/>
            <AD_Workflow_ID reference="id"/>
            <IsActive>Y</IsActive>
            <File_Directory/>
            <FileName/>
            <Destination_FileName/>
            <Destination_Directory/>
            <Description/>
            <DBType>ALL</DBType>
            <Type>MSG</Type>
            <Target_Directory/>
            <SQLStatement/>
            <ReleaseNo/>
            <Processing>N</Processing>
            <Processed>N</Processed>
            <Name2/>
            <Line>80</Line>
            <AD_Workbench_ID reference="id"/>
            <AD_Table_ID reference="id"/>
            <AD_ReportView_ID reference="id"/>
            <AD_Package_Exp_ID reference="uuid" reference-key="AD_Package_Exp">def05ce5-54b5-439f-8936-0bd39919d52c</AD_Package_Exp_ID>
            <AD_Package_Code_New/>
            <AD_Package_Code_Old/>
            <AD_Val_Rule_ID reference="id"/>
            <AD_Message_ID reference="uuid" reference-key="AD_Message">926fc719-b47d-4970-9ca2-95a45772ed9b</AD_Message_ID>
            <AD_PrintFormat_ID reference="id"/>
            <AD_Reference_ID reference="id"/>
            <AD_ModelValidator_ID reference="id"/>
            <AD_EntityType_ID reference="id"/>
            <AD_Package_Exp_Detail_UU>e6255c53-4278-4113-933a-2f3de1500854</AD_Package_Exp_Detail_UU>
            <AD_InfoWindow_ID reference="id">200000</AD_InfoWindow_ID>
        </AD_Package_Exp_Detail>
        <AD_Package_Exp_Detail type="table">
            <AD_Client_ID>0</AD_Client_ID>
            <AD_Org_ID>0</AD_Org_ID>
            <AD_Form_ID reference="id"/>
            <AD_ImpFormat_ID reference="id"/>
            <AD_Menu_ID reference="id"/>
            <AD_Process_ID reference="id"/>
            <AD_Role_ID reference="id">0</AD_Role_ID>
            <AD_Window_ID reference="id"/>
            <AD_Workflow_ID reference="id"/>
            <IsActive>Y</IsActive>
            <File_Directory/>
            <FileName/>
            <Destination_FileName/>
            <Destination_Directory/>
            <Description/>
            <DBType>ALL</DBType>
            <Type>MSG</Type>
            <Target_Directory/>
            <SQLStatement/>
            <ReleaseNo/>
            <Processing>N</Processing>
            <Processed>N</Processed>
            <Name2/>
            <Line>90</Line>
            <AD_Workbench_ID reference="id"/>
            <AD_Table_ID reference="id"/>
            <AD_ReportView_ID reference="id"/>
            <AD_Package_Exp_ID reference="uuid" reference-key="AD_Package_Exp">def05ce5-54b5-439f-8936-0bd39919d52c</AD_Package_Exp_ID>
            <AD_Package_Code_New/>
            <AD_Package_Code_Old/>
            <AD_Val_Rule_ID reference="id"/>
            <AD_Message_ID reference="uuid" reference-key="AD_Message">a70951c2-85fd-489d-8c78-e2939f8949cc</AD_Message_ID>
            <AD_PrintFormat_ID reference="id"/>
            <AD_Reference_ID reference="id"/>
            <AD_ModelValidator_ID reference="id"/>
            <AD_EntityType_ID reference="id"/>
            <AD_Package_Exp_Detail_UU>e6255c53-4278-4113-933a-2f3de1500855</AD_Package_Exp_Detail_UU>
            <AD_InfoWindow_ID reference="id">200000</AD_InfoWindow_ID>
        </AD_Package_Exp_Detail>
        <AD_Package_Exp_Detail type="table">
            <AD_Client_ID>0</AD_Client_ID>
            <AD_Org_ID>0</AD_Org_ID>
            <AD_Form_ID reference="id"/>
            <AD_ImpFormat_ID reference="id"/>
            <AD_Menu_ID reference="id"/>
            <AD_Process_ID reference="id"/>
            <AD_Role_ID reference="id">0</AD_Role_ID>
            <AD_Window_ID reference="id"/>
            <AD_Workflow_ID reference="id"/>
            <IsActive>Y</IsActive>
            <File_Directory/>
            <FileName/>
            <Destination_FileName/>
            <Destination_Directory/>
            <Description/>
            <DBType>ALL</DBType>
            <Type>MSG</Type>
            <Target_Directory/>
            <SQLStatement/>
            <ReleaseNo/>
            <Processing>N</Processing>
            <Processed>N</Processed>
            <Name2/>
            <Line>100</Line>
            <AD_Workbench_ID reference="id"/>
            <AD_Table_ID reference="id"/>
            <AD_ReportView_ID reference="id"/>
            <AD_Package_Exp_ID reference="uuid" reference-key="AD_Package_Exp">def05ce5-54b5-439f-8936-0bd39919d52c</AD_Package_Exp_ID>
            <AD_Package_Code_New/>
            <AD_Package_Code_Old/>
            <AD_Val_Rule_ID reference="id"/>
            <AD_Message_ID reference="uuid" reference-key="AD_Message">9580f796-45ea-4807-867b-98a96c033162</AD_Message_ID>
            <AD_PrintFormat_ID reference="id"/>
            <AD_Reference_ID reference="id"/>
            <AD_ModelValidator_ID reference="id"/>
            <AD_EntityType_ID reference="id"/>
            <AD_Package_Exp_Detail_UU>e6255c53-4278-4113-933a-2f3de1500856</AD_Package_Exp_Detail_UU>
            <AD_InfoWindow_ID reference="id">200000</AD_InfoWindow_ID>
        </AD_Package_Exp_Detail>
        <AD_Package_Exp_Detail type="table">
            <AD_Client_ID>0</AD_Client_ID>
            <AD_Org_ID>0</AD_Org_ID>
            <AD_Form_ID reference="id"/>
            <AD_ImpFormat_ID reference="id"/>
            <AD_Menu_ID reference="id"/>
            <AD_Process_ID reference="id"/>
            <AD_Role_ID reference="id">0</AD_Role_ID>
            <AD_Window_ID reference="id"/>
            <AD_Workflow_ID reference="id"/>
            <IsActive>Y</IsActive>
            <File_Directory/>
            <FileName/>
            <Destination_FileName/>
            <Destination_Directory/>
            <Description/>
            <DBType>ALL</DBType>
            <Type>MSG</Type>
            <Target_Directory/>
            <SQLStatement/>
            <ReleaseNo/>
            <Processing>N</Processing>
            <Processed>N</Processed>
            <Name2/>
            <Line>110</Line>
            <AD_Workbench_ID reference="id"/>
            <AD_Table_ID reference="id"/>
            <AD_ReportView_ID reference="id"/>
            <AD_Package_Exp_ID reference="uuid" reference-key="AD_Package_Exp">def05ce5-54b5-439f-8936-0bd39919d52c</AD_Package_Exp_ID>
            <AD_Package_Code_New/>
            <AD_Package_Code_Old/>
            <AD_Val_Rule_ID reference="id"/>
            <AD_Message_ID reference="uuid" reference-key="AD_Message">3369235f-5b7d-45f8-a70a-a83888b09b13</AD_Message_ID>
            <AD_PrintFormat_ID reference="id"/>
            <AD_Reference_ID reference="id"/>
            <AD_ModelValidator_ID reference="id"/>
            <AD_EntityType_ID reference="id"/>
            <AD_Package_Exp_Detail_UU>e6255c53-4278-4113-933a-2f3de1500857</AD_Package_Exp_Detail_UU>
            <AD_InfoWindow_ID reference="id">200000</AD_InfoWindow_ID>
        </AD_Package_Exp_Detail>
        <AD_Package_Exp_Detail type="table">
            <AD_Client_ID>0</AD_Client_ID>
            <AD_Org_ID>0</AD_Org_ID>
            <AD_Form_ID reference="id"/>
            <AD_ImpFormat_ID reference="id"/>
            <AD_Menu_ID reference="id"/>
            <AD_Process_ID reference="id"/>
            <AD_Role_ID reference="id">0</AD_Role_ID>
            <AD_Window_ID reference="id"/>
            <AD_Workflow_ID reference="id"/>
            <IsActive>Y</IsActive>
            <File_Directory/>
            <FileName/>
            <Destination_FileName/>
            <Destination_Directory/>
            <Description/>
            <DBType>ALL</DBType>
            <Type>MSG</Type>
            <Target_Directory/>
            <SQLStatement/>
            <ReleaseNo/>
            <Processing>N</Processing>
            <Processed>N</Processed>
            <Name2/>
            <Line>120</Line>
            <AD_Workbench_ID reference="id"/>
            <AD_Table_ID reference="id"/>
            <AD_ReportView_ID reference="id"/>
            <AD_Package_Exp_ID reference="uuid" reference-key="AD_Package_Exp">def05ce5-54b5-439f-8936-0bd39919d52c</AD_Package_Exp_ID>
            <AD_Package_Code_New/>
            <AD_Package_Code_Old/>
            <AD_Val_Rule_ID reference="id"/>
            <AD_Message_ID reference="uuid" reference-key="AD_Message">e465e633-e0f7-4cbf-8e4c-f94da03c230b</AD_Message_ID>
            <AD_PrintFormat_ID reference="id"/>
            <AD_Reference_ID reference="id"/>
            <AD_ModelValidator_ID reference="id"/>
            <AD_EntityType_ID reference="id"/>
            <AD_Package_Exp_Detail_UU>e6255c53-4278-4113-933a-2f3de1500858</AD_Package_Exp_Detail_UU>
            <AD_InfoWindow_ID reference="id">200000</AD_InfoWindow_ID>
        </AD_Package_Exp_Detail>
        <AD_Package_Exp_Detail type="table">
            <AD_Client_ID>0</AD_Client_ID>
            <AD_Org_ID>0</AD_Org_ID>
            <AD_Form_ID reference="id"/>
            <AD_ImpFormat_ID reference="id"/>
            <AD_Menu_ID reference="id"/>
            <AD_Process_ID reference="id"/>
            <AD_Role_ID reference="id">0</AD_Role_ID>
            <AD_Window_ID reference="id"/>
            <AD_Workflow_ID reference="id"/>
            <IsActive>Y</IsActive>
            <File_Directory/>
            <FileName/>
            <Destination_FileName/>
            <Destination_Directory/>
            <Description/>
            <DBType>ALL</DBType>
            <Type>MSG</Type>
            <Target_Directory/>
            <SQLStatement/>
            <ReleaseNo/>
            <Processing>N</Processing>
            <Processed>N</Processed>
            <Name2/>
            <Line>10</Line>
            <AD_Workbench_ID reference="id"/>
            <AD_Table_ID reference="id"/>
            <AD_ReportView_ID reference="id"/>
            <AD_Package_Exp_ID reference="uuid" reference-key="AD_Package_Exp">def05ce5-54b5-439f-8936-0bd39919d52c</AD_Package_Exp_ID>
            <AD_Package_Code_New/>
            <AD_Package_Code_Old/>
            <AD_Val_Rule_ID reference="id"/>
            <AD_Message_ID reference="uuid" reference-key="AD_Message">65b1b822-5859-44e5-bf66-b906e8febb16</AD_Message_ID>
            <AD_PrintFormat_ID reference="id"/>
            <AD_Reference_ID reference="id"/>
            <AD_ModelValidator_ID reference="id"/>
            <AD_EntityType_ID reference="id"/>
            <AD_Package_Exp_Detail_UU>e6255c53-4278-4113-933a-2f3de1500847</AD_Package_Exp_Detail_UU>
            <AD_InfoWindow_ID reference="id">200000</AD_InfoWindow_ID>
        </AD_Package_Exp_Detail>
        <AD_Package_Exp_Detail type="table">
            <AD_Client_ID>0</AD_Client_ID>
            <AD_Org_ID>0</AD_Org_ID>
            <AD_Form_ID reference="id"/>
            <AD_ImpFormat_ID reference="id"/>
            <AD_Menu_ID reference="id"/>
            <AD_Process_ID reference="id"/>
            <AD_Role_ID reference="id">0</AD_Role_ID>
            <AD_Window_ID reference="id"/>
            <AD_Workflow_ID reference="id"/>
            <IsActive>Y</IsActive>
            <File_Directory/>
            <FileName/>
            <Destination_FileName/>
            <Destination_Directory/>
            <Description/>
            <DBType>ALL</DBType>
            <Type>MSG</Type>
            <Target_Directory/>
            <SQLStatement/>
            <ReleaseNo/>
            <Processing>N</Processing>
            <Processed>N</Processed>
            <Name2/>
            <Line>30</Line>
            <AD_Workbench_ID reference="id"/>
            <AD_Table_ID reference="id"/>
            <AD_ReportView_ID reference="id"/>
            <AD_Package_Exp_ID reference="uuid" reference-key="AD_Package_Exp">def05ce5-54b5-439f-8936-0bd39919d52c</AD_Package_Exp_ID>
            <AD_Package_Code_New/>
            <AD_Package_Code_Old/>
            <AD_Val_Rule_ID reference="id"/>
            <AD_Message_ID reference="uuid" reference-key="AD_Message">8efeea8a-bf0b-40a0-96bf-2bd90ee344e0</AD_Message_ID>
            <AD_PrintFormat_ID reference="id"/>
            <AD_Reference_ID reference="id"/>
            <AD_ModelValidator_ID reference="id"/>
            <AD_EntityType_ID reference="id"/>
            <AD_Package_Exp_Detail_UU>e6255c53-4278-4113-933a-2f3de1500859</AD_Package_Exp_Detail_UU>
            <AD_InfoWindow_ID reference="id">200000</AD_InfoWindow_ID>
        </AD_Package_Exp_Detail>
        <AD_Package_Exp_Detail type="table">
            <AD_Client_ID>0</AD_Client_ID>
            <AD_Org_ID>0</AD_Org_ID>
            <AD_Form_ID reference="id"/>
            <AD_ImpFormat_ID reference="id"/>
            <AD_Menu_ID reference="id"/>
            <AD_Process_ID reference="id"/>
            <AD_Role_ID reference="id">0</AD_Role_ID>
            <AD_Window_ID reference="id"/>
            <AD_Workflow_ID reference="id"/>
            <IsActive>Y</IsActive>
            <File_Directory/>
            <FileName/>
            <Destination_FileName/>
            <Destination_Directory/>
            <Description/>
            <DBType>ALL</DBType>
            <Type>MSG</Type>
            <Target_Directory/>
            <SQLStatement/>
            <ReleaseNo/>
            <Processing>N</Processing>
            <Processed>N</Processed>
            <Name2/>
            <Line>20</Line>
            <AD_Workbench_ID reference="id"/>
            <AD_Table_ID reference="id"/>
            <AD_ReportView_ID reference="id"/>
            <AD_Package_Exp_ID reference="uuid" reference-key="AD_Package_Exp">def05ce5-54b5-439f-8936-0bd39919d52c</AD_Package_Exp_ID>
            <AD_Package_Code_New/>
            <AD_Package_Code_Old/>
            <AD_Val_Rule_ID reference="id"/>
            <AD_Message_ID reference="uuid" reference-key="AD_Message">9d04edf4-9bed-4c36-adca-e31b9cfa5804</AD_Message_ID>
            <AD_PrintFormat_ID reference="id"/>
            <AD_Reference_ID reference="id"/>
            <AD_ModelValidator_ID reference="id"/>
            <AD_EntityType_ID reference="id"/>
            <AD_Package_Exp_Detail_UU>e6255c53-4278-4113-933a-2f3de1500848</AD_Package_Exp_Detail_UU>
            <AD_InfoWindow_ID reference="id">200000</AD_InfoWindow_ID>
        </AD_Package_Exp_Detail>
        <AD_Package_Exp_Detail type="table">
            <AD_Client_ID>0</AD_Client_ID>
            <AD_Org_ID>0</AD_Org_ID>
            <AD_Form_ID reference="uuid" reference-key="AD_Form">66600a41-2ac0-411b-91f7-ec3067970d7b</AD_Form_ID>
            <AD_ImpFormat_ID reference="id"/>
            <AD_Menu_ID reference="id"/>
            <AD_Process_ID reference="id"/>
            <AD_Role_ID reference="id">0</AD_Role_ID>
            <AD_Window_ID reference="id"/>
            <AD_Workflow_ID reference="id"/>
            <IsActive>Y</IsActive>
            <File_Directory/>
            <FileName/>
            <Destination_FileName/>
            <Destination_Directory/>
            <Description/>
            <DBType>ALL</DBType>
            <Type>X</Type>
            <Target_Directory/>
            <SQLStatement/>
            <ReleaseNo/>
            <Processing>N</Processing>
            <Processed>N</Processed>
            <Name2/>
            <Line>9</Line>
            <AD_Workbench_ID reference="id"/>
            <AD_Table_ID reference="id"/>
            <AD_ReportView_ID reference="id"/>
            <AD_Package_Exp_ID reference="uuid" reference-key="AD_Package_Exp">def05ce5-54b5-439f-8936-0bd39919d52c</AD_Package_Exp_ID>
            <AD_Package_Code_New/>
            <AD_Package_Code_Old/>
            <AD_Val_Rule_ID reference="id"/>
            <AD_Message_ID reference="id"/>
            <AD_PrintFormat_ID reference="id"/>
            <AD_Reference_ID reference="id"/>
            <AD_ModelValidator_ID reference="id"/>
            <AD_EntityType_ID reference="id"/>
            <AD_Package_Exp_Detail_UU>658d5944-1cb4-4bc0-9367-66277d613632</AD_Package_Exp_Detail_UU>
            <AD_InfoWindow_ID reference="id">200000</AD_InfoWindow_ID>
        </AD_Package_Exp_Detail>
        <AD_Package_Exp_Detail type="table">
            <AD_Client_ID>0</AD_Client_ID>
            <AD_Org_ID>0</AD_Org_ID>
            <AD_Form_ID reference="id"/>
            <AD_ImpFormat_ID reference="id"/>
            <AD_Menu_ID reference="id"/>
            <AD_Process_ID reference="id"/>
            <AD_Role_ID reference="id">0</AD_Role_ID>
            <AD_Window_ID reference="id"/>
            <AD_Workflow_ID reference="id"/>
            <IsActive>Y</IsActive>
            <File_Directory/>
            <FileName/>
            <Destination_FileName/>
            <Destination_Directory/>
            <Description/>
            <DBType>ALL</DBType>
            <Type>ET</Type>
            <Target_Directory/>
            <SQLStatement/>
            <ReleaseNo/>
            <Processing>N</Processing>
            <Processed>N</Processed>
            <Name2/>
            <Line>5</Line>
            <AD_Workbench_ID reference="id"/>
            <AD_Table_ID reference="id"/>
            <AD_ReportView_ID reference="id"/>
            <AD_Package_Exp_ID reference="uuid" reference-key="AD_Package_Exp">def05ce5-54b5-439f-8936-0bd39919d52c</AD_Package_Exp_ID>
            <AD_Package_Code_New/>
            <AD_Package_Code_Old/>
            <AD_Val_Rule_ID reference="id"/>
            <AD_Message_ID reference="id"/>
            <AD_PrintFormat_ID reference="id"/>
            <AD_Reference_ID reference="id"/>
            <AD_ModelValidator_ID reference="id"/>
            <AD_EntityType_ID reference="uuid" reference-key="AD_EntityType">a8f90539-bd03-4d04-ac1e-c67825d1608d</AD_EntityType_ID>
            <AD_Package_Exp_Detail_UU>f2c6811f-db6c-4bf9-bb7f-ed45b48252a6</AD_Package_Exp_Detail_UU>
            <AD_InfoWindow_ID reference="id">200000</AD_InfoWindow_ID>
        </AD_Package_Exp_Detail>
        <AD_Package_Exp_Detail type="table">
            <AD_Client_ID>0</AD_Client_ID>
            <AD_Org_ID>0</AD_Org_ID>
            <AD_Form_ID reference="id"/>
            <AD_ImpFormat_ID reference="id"/>
            <AD_Menu_ID reference="id"/>
            <AD_Process_ID reference="id"/>
            <AD_Role_ID reference="id">0</AD_Role_ID>
            <AD_Window_ID reference="id"/>
            <AD_Workflow_ID reference="id"/>
            <IsActive>Y</IsActive>
            <File_Directory/>
            <FileName/>
            <Destination_FileName/>
            <Destination_Directory/>
            <Description/>
            <DBType>ALL</DBType>
            <Type>D</Type>
            <Target_Directory/>
            <SQLStatement>SELECT * FROM AD_Menu WHERE AD_Menu_UU='c2217735-31dd-4fc5-b463-08a351682b03'</SQLStatement>
            <ReleaseNo/>
            <Processing>N</Processing>
            <Processed>N</Processed>
            <Name2/>
            <Line>130</Line>
            <AD_Workbench_ID reference="id"/>
            <AD_Table_ID reference="id">116</AD_Table_ID>
            <AD_ReportView_ID reference="id"/>
            <AD_Package_Exp_ID reference="uuid" reference-key="AD_Package_Exp">def05ce5-54b5-439f-8936-0bd39919d52c</AD_Package_Exp_ID>
            <AD_Package_Code_New/>
            <AD_Package_Code_Old/>
            <AD_Val_Rule_ID reference="id"/>
            <AD_Message_ID reference="id"/>
            <AD_PrintFormat_ID reference="id"/>
            <AD_Reference_ID reference="id"/>
            <AD_ModelValidator_ID reference="id"/>
            <AD_EntityType_ID reference="id"/>
            <AD_Package_Exp_Detail_UU>24fffdbf-1c08-4154-b672-94c65132d2e6</AD_Package_Exp_Detail_UU>
            <AD_InfoWindow_ID reference="id">200000</AD_InfoWindow_ID>
        </AD_Package_Exp_Detail>
        <AD_Package_Exp_Detail type="table">
            <AD_Client_ID>0</AD_Client_ID>
            <AD_Org_ID>0</AD_Org_ID>
            <AD_Form_ID reference="id"/>
            <AD_ImpFormat_ID reference="id"/>
            <AD_Menu_ID reference="id"/>
            <AD_Process_ID reference="id"/>
            <AD_Role_ID reference="id">0</AD_Role_ID>
            <AD_Window_ID reference="id"/>
            <AD_Workflow_ID reference="id"/>
            <IsActive>Y</IsActive>
            <File_Directory/>
            <FileName/>
            <Destination_FileName/>
            <Destination_Directory/>
            <Description/>
            <DBType>ALL</DBType>
            <Type>D</Type>
            <Target_Directory/>
            <SQLStatement>SELECT * FROM AD_Package_Exp WHERE AD_Package_Exp_UU='def05ce5-54b5-439f-8936-0bd39919d52c';AD_Package_Exp_Detail</SQLStatement>
            <ReleaseNo/>
            <Processing>N</Processing>
            <Processed>N</Processed>
            <Name2/>
            <Line>200</Line>
            <AD_Workbench_ID reference="id"/>
            <AD_Table_ID reference="id">50005</AD_Table_ID>
            <AD_ReportView_ID reference="id"/>
            <AD_Package_Exp_ID reference="uuid" reference-key="AD_Package_Exp">def05ce5-54b5-439f-8936-0bd39919d52c</AD_Package_Exp_ID>
            <AD_Package_Code_New/>
            <AD_Package_Code_Old/>
            <AD_Val_Rule_ID reference="id"/>
            <AD_Message_ID reference="id"/>
            <AD_PrintFormat_ID reference="id"/>
            <AD_Reference_ID reference="id"/>
            <AD_ModelValidator_ID reference="id"/>
            <AD_EntityType_ID reference="id"/>
            <AD_Package_Exp_Detail_UU>bd750fee-7f31-4d79-b5b9-3fbbf23ed7e9</AD_Package_Exp_Detail_UU>
            <AD_InfoWindow_ID reference="id">200000</AD_InfoWindow_ID>
        </AD_Package_Exp_Detail>
    </AD_Package_Exp>
</idempiere>
